Name,Mean (ps),2*Stdev (ps),Allocated,Copied,Peak Memory
All.countdown.shallow.10000.heftia,803444726,26829320,10640897,5429,6291456
All.countdown.shallow.10000.freer,512000390,43342158,6080466,2856,7340032
All.countdown.shallow.10000.polysemy,1727435937,125967490,17281839,8815,7340032
All.countdown.shallow.10000.fused,1705291406,105273380,11920921,5637,7340032
All.countdown.shallow.10000.effectful,725129296,56221386,5202063,6473,7340032
All.countdown.shallow.10000.eff,867483203,55550566,6268897,2916,7340032
All.countdown.shallow.10000.mp,840279296,68374766,7041747,3563,7340032
All.countdown.shallow.10000.mp.safe,2217390625,143108350,19361575,8931,7340032
All.countdown.shallow.10000.mtl,645442773,38214924,4080227,1722,7340032
All.countdown.shallow.10000.handrolled,565570507,27726368,2880377,1289,7340032
All.countdown.deep.10000.heftia.5+5,2955300000,256770480,38643696,21131,7340032
All.countdown.deep.10000.freer.5+5,970260156,58605944,14881323,6950,7340032
All.countdown.deep.10000.polysemy.5+5,2816273437,229162028,41284493,20994,7340032
All.countdown.deep.10000.fused.5+5,10565506250,842494512,63365050,32531,7340032
All.countdown.deep.10000.effectful.5+5,722798828,54469218,5218148,12116,7340032
All.countdown.deep.10000.eff.5+5,867387500,55754956,6269553,7654,7340032
All.countdown.deep.10000.mp.5+5,1451049218,108655434,9444789,7221,7340032
All.countdown.deep.10000.mp.safe.5+5,5238228125,445201134,48965444,23643,7340032
All.countdown.deep.10000.mtl.5+5,5178456250,471293252,30882725,14710,7340032
All.countdown.deep.10000.handrolled.5+5,5863503125,435432312,30882772,14662,7340032
All.catch.shallow.10000.heftia,1050848828,61607166,7913890,1076047,9437184
All.catch.shallow.10000.freer,301338085,14571126,2571764,139655,9437184
All.catch.shallow.10000.polysemy,2712278125,244507044,22351457,1641614,12582912
All.catch.shallow.10000.fused,3297437500,225528418,13075243,3201284,13631488
All.catch.shallow.10000.effectful,2091034375,118448712,12013470,2907272,13631488
All.catch.shallow.10000.eff,369338600000,74842089634,415978606,10740941,766509056
All.catch.shallow.10000.mp,1609486718,116132286,8161785,2571258,766509056
All.catch.shallow.10000.mp.safe,1600548437,127801766,8161781,2571603,766509056
All.catch.shallow.10000.mtl,250517382,15369036,1673340,49391,766509056
All.catch.shallow.10000.handrolled,220125195,13580618,1593380,46306,766509056
All.catch.deep.10000.heftia.5+5,7898253125,501955334,33116236,14325289,766509056
All.catch.deep.10000.freer.5+5,308074804,27618058,2572594,141717,766509056
All.catch.deep.10000.polysemy.5+5,6888653125,461440578,57554443,5118839,766509056
All.catch.deep.10000.fused.5+5,15539337500,878579058,64805970,8510562,766509056
All.catch.deep.10000.effectful.5+5,2095635156,157115220,12032245,2903047,766509056
All.catch.deep.10000.eff.5+5,383581300000,42179397472,416786591,11408693,766509056
All.catch.deep.10000.mp.5+5,1601664062,110108878,8165077,2591501,766509056
All.catch.deep.10000.mp.safe.5+5,1601510937,109032770,8164579,2593932,766509056
All.catch.deep.10000.mtl.5+5,3910571875,221845894,16926348,2893762,766509056
All.catch.deep.10000.handrolled.5+5,4053739062,324257806,18046419,2927141,766509056
All.local.shallow.10000.heftia,4403684375,437891986,14981764,7496980,766509056
All.local.shallow.10000.freer,666204296,60227092,5771827,606901,766509056
All.local.shallow.10000.polysemy,2599729687,229658156,14008627,3574271,766509056
All.local.shallow.10000.fused,1422532812,117599706,7688300,718973,766509056
All.local.shallow.10000.effectful,1052652734,55127810,6726746,1241690,766509056
All.local.shallow.10000.eff,398104200000,36033788242,411557130,14060089,766509056
All.local.shallow.10000.mp,1378851562,116467696,7193829,1359814,766509056
All.local.shallow.10000.mp.safe,1373686718,135973896,7193829,1360411,766509056
All.local.shallow.10000.mtl,351659375,27639022,2327801,163299,766509056
All.local.shallow.10000.handrolled,329205664,29052286,2327858,163252,766509056
All.local.deep.10000.heftia.5+5,13043700000,889284234,34184773,24760769,766509056
All.local.deep.10000.freer.5+5,671958593,57582244,5772643,606691,766509056
All.local.deep.10000.polysemy.5+5,5542803125,442615680,31611357,7647391,766509056
All.local.deep.10000.fused.5+5,5924725000,451671756,28490596,1776225,766509056
All.local.deep.10000.effectful.5+5,1058698437,62171424,6742810,1261395,766509056
All.local.deep.10000.eff.5+5,384068800000,41144097998,412320877,12230618,766509056
All.local.deep.10000.mp.5+5,1372594921,64035396,7197066,1361323,766509056
All.local.deep.10000.mp.safe.5+5,1386466406,105448074,7196619,1359822,766509056
All.local.deep.10000.mtl.5+5,806362304,29199902,5048066,402995,766509056
All.local.deep.10000.handrolled.5+5,1583496875,59830540,9048547,913873,766509056
All.nondet.shallow.32.heftia,7334115625,448694990,53827020,6250490,766509056
All.nondet.shallow.32.freer,5941671875,514016126,34532054,6170748,766509056
All.nondet.shallow.32.polysemy,12956281250,1009444936,81643645,4606964,766509056
All.nondet.shallow.32.fused,2100307031,152545256,18238372,8977,766509056
All.nondet.shallow.32.eff,28372412500,2693846994,131920347,8738203,766509056
All.nondet.shallow.32.mp,3045439062,230014530,30881937,17864,766509056
All.nondet.shallow.32.mp.safe,3053720312,230894980,30881931,17804,766509056
All.nondet.shallow.32.mtl.listt,7338092187,273694720,74122797,92117,766509056
All.nondet.shallow.32.mtl-logict,2494893750,237400542,17396943,19984,766509056
All.nondet.shallow.32.handrolled.listt,6900200000,365324592,69116301,80300,766509056
All.nondet.shallow.32.handrolled.logict,1984658593,131452846,12390821,14533,766509056
All.nondet.deep.32.heftia.5+5,15305606250,532365858,137694922,7399147,766509056
All.nondet.deep.32.freer.5+5,7816146875,444753920,64288338,6542476,766509056
All.nondet.deep.32.polysemy.5+5,22333212500,2076692232,200681063,6179933,766509056
All.nondet.deep.32.fused.5+5,10738893750,839895082,63405318,48913,766509056
All.nondet.deep.32.eff.5+5,53651800000,3616728150,403886653,11674249,766509056
All.nondet.deep.32.mp.5+5,7795362500,442434000,80929151,60717,766509056
All.nondet.deep.32.mp.safe.5+5,7710253125,586995794,80928607,46097,766509056
All.nondet.deep.32.mtl.listt.5+5,81055400000,7221605140,543613170,1872454,766509056
All.nondet.deep.32.mtl-logict.5+5,6927890625,517579858,43632046,118432,766509056
All.nondet.deep.32.handrolled.listt.5+5,80974800000,7857990086,539105669,1726940,766509056
All.nondet.deep.32.handrolled.logict.5+5,7071606250,600216546,39124451,104499,766509056
